#node	date	numeric date
NODE_0000631	2005-07-01	2005.499141
A/Victoria/500/2009|EPI_ISL_167300|VIC|2009	2009-01-01	2009.000000
NODE_0000005	2007-01-17	2007.048477
NODE_0000009	2007-03-17	2007.209732
A/BRISBANE/54/2009|EPI_ISL_60149|Queensland|2009-05-07	2009-05-07	2009.347707
A/PERTH/160/2009|EPI_ISL_65123|WA|2009-07-03	2009-07-03	2009.503765
NODE_0000006	2008-06-26	2008.484779
A/SYDNEY/603/2009|EPI_ISL_60918|NSW|2009-02-12	2009-02-12	2009.117728
NODE_0000007	2008-09-26	2008.736820
A/Sydney/602/2009|EPI_ISL_172958|NSW|2009-02-07	2009-02-07	2009.104038
A/PERTH/107/2009|EPI_ISL_65133|NT|2009-06-21	2009-06-21	2009.470910
NODE_0000004	2007-03-19	2007.214972
A/Sydney/3/2009|EPI_ISL_32486|NSW|2009-01-20	2009-01-20	2009.054757
NODE_0000003	2007-07-03	2007.505964
NODE_0000010	2008-06-17	2008.460415
A/Canberra/18/2009|EPI_ISL_60003|ACT|2009-06-30	2009-06-30	2009.495551
A/Australia/55/2009|EPI_ISL_87164|NSW|2009-07-30	2009-07-30	2009.577687
A/VICTORIA/4/2010|EPI_ISL_77053|VIC|2010-05-11	2010-05-11	2010.358658
A/BRISBANE/52/2009|EPI_ISL_60923|QLD|2009-05-18	2009-05-18	2009.377823
A/Perth/16/2009|EPI_ISL_176456|WA|2009-04-07	2009-04-07	2009.265572
NODE_0000013	2008-09-19	2008.719236
A/Australia/2/2009|EPI_ISL_74160|NSW|2009-07-16	2009-07-16	2009.539357
A/Australia/22/2009|EPI_ISL_87160|NSW|2009-07-21	2009-07-21	2009.553046
A/Perth/673/2009|EPI_ISL_76619|WA|2009-11-04	2009-11-04	2009.843258
NODE_0000018	2008-11-30	2008.916633
A/Victoria/209/2009|EPI_ISL_33597|VIC|2009-06-02	2009-06-02	2009.418891
A/BRISBANE/253/2010|EPI_ISL_83897|Queensland|2010-09-19	2010-09-19	2010.717317
NODE_0000020	2009-02-15	2009.126898
A/Victoria/210/2009|EPI_ISL_76607|VIC|2009-06-02	2009-06-02	2009.418891
A/Victoria/210/2009|EPI_ISL_66566|VIC|2009-06-02	2009-06-02	2009.418891
NODE_0000000	2008-05-15	2008.371006
A/Victoria/208/2009|EPI_ISL_167304|VIC|2009	2009-01-01	2009.000000
NODE_0000021	2009-05-26	2009.401841
NODE_0000022	2009-08-10	2009.610384
A/SYDNEY/13/2010|EPI_ISL_83809|NSW|2010-08-12	2010-08-12	2010.613279
NODE_0000023	2009-09-12	2009.699061
A/Victoria/563/2010|EPI_ISL_84063|VIC|2010	2010-01-01	2010.000000
A/PERTH/56/2010|EPI_ISL_83808|WA|2010-08-09	2010-08-09	2010.605065
NODE_0000025	2010-01-11	2010.032432
A/TASMANIA/2/2011|EPI_ISL_94831|TAS|2011-02-13	2011-02-13	2011.120465
A/VICTORIA/650/2010|EPI_ISL_83869|VIC|2010-10-15	2010-10-15	2010.788501
NODE_0000026	2009-08-01	2009.585129
A/Perth/10/2010|EPI_ISL_127604|WA|2010	2010-01-01	2010.000000
NODE_0000689	2009-11-18	2009.881837
NODE_0000033	2010-02-12	2010.119615
NODE_0000034	2011-03-15	2011.203678
A/SouthAustralia/111/2012|EPI_ISL_192751|SA|2012-07-06	2012-07-07	2012.514716
A/Victoria/187/2012|EPI_ISL_192794|VIC|2012-08-16	2012-08-17	2012.626968
NODE_0000035	2010-04-18	2010.297912
A/Victoria/150/2012|EPI_ISL_192789|VIC|2012-07-27	2012-07-28	2012.572211
A/BRISBANE/16/2013|EPI_ISL_161268|QLD|2013-02-13	2013-02-13	2013.120465
NODE_0000632	2009-11-23	2009.897059
NODE_0000040	2010-06-06	2010.430259
A/VICTORIA/7/2012|EPI_ISL_137764|VIC|2012-06-18	2012-06-19	2012.465435
NODE_0000041	2011-05-22	2011.388835
A/Victoria/142/2012|EPI_ISL_192785|VIC|2012-07-23	2012-07-24	2012.561259
A/BRISBANE/38/2012|EPI_ISL_122561|Queensland|2012-04-18	2012-04-19	2012.298426
A/BRISBANE/26/2012|EPI_ISL_122541|QLD|2012-03-08	2012-03-09	2012.186174
NODE_0000044	2010-08-03	2010.588764
A/Perth/249/2011|EPI_ISL_192744|WA|2011-09-27	2011-09-27	2011.739220
NODE_0000045	2011-01-06	2011.018697
A/Brisbane/299/2011|EPI_ISL_106108|QLD|2011-08-13	2011-08-13	2011.616016
A/VICTORIA/892/2011|EPI_ISL_106867|VIC|2011-11-04	2011-11-04	2011.843258
A/SouthAustralia/205/2011|EPI_ISL_192755|SA|2011-09-05	2011-09-05	2011.678987
A/SYDNEY/97/2011|EPI_ISL_118601|NSW|2011-11-06	2011-11-06	2011.848734
NODE_0000633	2009-11-23	2009.897059
NODE_0000030	2010-02-16	2010.130047
A/TOWNSVILLE/98/2010|EPI_ISL_86132|QLD|2010-12-13	2010-12-13	2010.950034
A/VICTORIA/506/2011|EPI_ISL_94782|VIC|2011-01-15	2011-01-15	2011.041068
NODE_0000032	2010-05-29	2010.409075
A/TOWNSVILLE/87/2010|EPI_ISL_86128|QLD|2010-11-26	2010-11-26	2010.903491
A/Brisbane/501/2011|EPI_ISL_172964|QLD|2011-03-19	2011-03-19	2011.213552
NODE_0000634	2009-11-23	2009.897059
A/TOWNSVILLE/60/2010|EPI_ISL_83896|Queensland|2010-10-25	2010-10-25	2010.815880
NODE_0000635	2009-12-28	2009.993432
A/TOWNSVILLE/20/2011|EPI_ISL_94826|Queensland|2011-01-26	2011-01-26	2011.071184
NODE_0000636	2009-12-30	2009.996716
A/BRISBANE/382/2011|EPI_ISL_106861|QLD|2011-09-06	2011-09-06	2011.681725
NODE_0000637	2010-01-01	2010.000000
A/VICTORIA/5/2011|EPI_ISL_99730|VIC|2011-07-04	2011-07-04	2011.506502
A/Perth/10/2010|EPI_ISL_84060|WA|2010	2010-01-01	2010.000000
NODE_0000048	2008-08-02	2008.588290
NODE_0000050	2009-01-27	2009.075666
A/Brisbane/11/2010|EPI_ISL_127628|QLD|2010	2010-01-01	2010.000000
A/PERTH/519/2010|EPI_ISL_79467|WA|2010-06-16	2010-06-16	2010.457221
NODE_0000051	2009-04-05	2009.261021
A/VICTORIA/1034/2010|EPI_ISL_94833|VIC|2010-10-30	2010-10-30	2010.829569
NODE_0000052	2010-03-13	2010.199393
A/BRISBANE/159/2011|EPI_ISL_95229|Queensland|2011-05-12	2011-05-12	2011.361396
A/DARWIN/92/2011|EPI_ISL_94858|NT|2011-04-04	2011-04-04	2011.257358
NODE_0000054	2009-06-09	2009.438863
A/CANBERRA/2/2010|EPI_ISL_78689|ACT|2010-06-24	2010-06-24	2010.479124
A/Victoria/8/2010|EPI_ISL_167305|VIC|2010	2010-01-01	2010.000000
NODE_0000055	2008-10-27	2008.821505
A/SOUTHAUSTRALIA/414/2010|EPI_ISL_83868|SA|2010-10-04	2010-10-04	2010.758385
NODE_0000056	2009-03-10	2009.190660
NODE_0000057	2010-05-02	2010.336075
A/BRISBANE/233/2011|EPI_ISL_99732|QLD|2011-06-17	2011-06-17	2011.459959
A/SouthAustralia/36/2012|EPI_ISL_192759|SA|2012-05-28	2012-05-29	2012.407940
NODE_0000059	2010-07-14	2010.535033
NODE_0000062	2011-03-10	2011.189342
A/SOUTHAUSTRALIA/17/2011|EPI_ISL_122565|SA|2011-07-18	2011-07-18	2011.544832
A/SOUTHAUSTRALIA/299/2011|EPI_ISL_106865|SA|2011-10-24	2011-10-24	2011.813142
NODE_0000690	2010-08-22	2010.642909
NODE_0000638	2010-08-23	2010.644078
A/BRISBANE/417/2011|EPI_ISL_118611|Queensland|2011-12-22	2011-12-22	2011.974675
NODE_0000061	2011-09-18	2011.715436
A/Sydney/195/2012|EPI_ISL_135839|NSW|2012-08-06	2012-08-07	2012.599589
A/BRISBANE/11/2012|EPI_ISL_121682|QLD|2012-02-13	2012-02-13	2012.120465
NODE_0000064	2011-05-10	2011.357697
NODE_0000065	2011-11-04	2011.843442
A/VICTORIA/175/2012|EPI_ISL_137776|VIC|2012-05-19	2012-05-20	2012.383299
A/VICTORIA/873/2012|EPI_ISL_128708|VIC|2012-08-16	2012-08-17	2012.626968
NODE_0000066	2011-07-10	2011.523175
A/Victoria/173/2012|EPI_ISL_192791|VIC|2012-08-06	2012-08-07	2012.599589
NODE_0000067	2011-10-09	2011.774105
A/CANBERRA/5/2012|EPI_ISL_128635|ACT|2012-06-06	2012-06-07	2012.432580
NODE_0000068	2012-01-29	2012.079402
A/VICTORIA/346/2012|EPI_ISL_128655|VIC|2012-07-12	2012-07-13	2012.531143
A/Victoria/181/2012|EPI_ISL_192793|VIC|2012-08-13	2012-08-14	2012.618754
A/Townsville/1004/2012|EPI_ISL_192778|QLD|2012-08-13	2012-08-14	2012.618754
A/PERTH/288/2012|EPI_ISL_134460|WA|2012-08-09	2012-08-10	2012.607803
NODE_0000071	2009-10-08	2009.771317
A/SouthAustralia/2/2013|EPI_ISL_219304|SA|2013-01-09	2013-01-09	2013.024641
NODE_0000073	2010-04-29	2010.327512
A/Maryland/02/2012|EPI_ISL_129055|NSW|2012-01-18	2012-01-18	2012.049281
NODE_0000077	2010-09-08	2010.687639
A/VICTORIA/26/2011|EPI_ISL_99745|VIC|2011-08-05	2011-08-05	2011.594114
A/NEWCASTLE/48/2011|EPI_ISL_99729|NSW|2011-06-29	2011-06-29	2011.492813
NODE_0000691	2010-06-06	2010.432209
A/Brisbane/14/2012|EPI_ISL_172968|QLD|2012-02-06	2012-02-06	2012.101300
NODE_0000639	2010-09-24	2010.732246
NODE_0000076	2010-12-20	2010.970150
A/SOUTHAUSTRALIA/280/2011|EPI_ISL_99775|SA|2011-10-02	2011-10-02	2011.752909
A/Perth/164/2011|EPI_ISL_192738|WA|2011-08-29	2011-08-29	2011.659822
NODE_0000640	2011-01-22	2011.060794
A/VICTORIA/704/2011|EPI_ISL_106866|VIC|2011-10-10	2011-10-10	2011.774812
NODE_0000641	2011-03-29	2011.242183
A/BRISBANE/27/2012|EPI_ISL_122604|Queensland|2012-03-19	2012-03-20	2012.216290
NODE_0000642	2011-03-29	2011.243552
A/Victoria/189/2012|EPI_ISL_192795|VIC|2012-08-15	2012-08-16	2012.624230
A/VICTORIA/120/2012|EPI_ISL_137773|VIC|2012-08-18	2012-08-19	2012.632444
NODE_0000082	2009-11-22	2009.894725
A/NEWCASTLE/4/2010|EPI_ISL_78694|NSW|2010-06-25	2010-06-25	2010.481862
NODE_0000083	2010-04-24	2010.314669
NODE_0000084	2010-10-30	2010.832098
A/VICTORIA/725/2011|EPI_ISL_118579|VIC|2011-12-04	2011-12-04	2011.925394
NODE_0000085	2011-01-08	2011.022522
A/Perth/327/2011|EPI_ISL_192747|WA|2011-11-14	2011-11-14	2011.870637
A/Brisbane/21/2012|EPI_ISL_172969|QLD|2012-03-04	2012-03-05	2012.175222
NODE_0000086	2010-06-02	2010.419702
A/Perth/185/2011|EPI_ISL_192739|WA|2011-09-07	2011-09-07	2011.684463
A/VICTORIA/803/2011|EPI_ISL_94856|VIC|2011-04-02	2011-04-02	2011.251882
A/PERTH/81/2011|EPI_ISL_99757|WA|2011-08-05	2011-08-05	2011.594114
NODE_0000089	2010-07-15	2010.537973
A/SouthAustralia/212/2011|EPI_ISL_192757|SA|2011-09-13	2011-09-13	2011.700890
NODE_0000093	2010-11-04	2010.843935
A/Victoria/361/2011|EPI_ISL_167307|VIC|2011	2011-01-01	2011.000000
A/Tasmania/32/2011|EPI_ISL_106864|TAS|2011-10-05	2011-10-05	2011.761123
NODE_0000090	2010-08-22	2010.641514
A/VICTORIA/335/2011|EPI_ISL_99773|VIC|2011-09-28	2011-09-28	2011.741958
A/Victoria/50/2012|EPI_ISL_192802|VIC|2012-06-25	2012-06-26	2012.484600
A/VICTORIA/304/2011|EPI_ISL_99766|VIC|2011-09-14	2011-09-14	2011.703628
NODE_0000095	2011-03-11	2011.192262
A/VICTORIA/78/2012|EPI_ISL_137770|VIC|2012-07-16	2012-07-17	2012.542094
NODE_0000097	2011-09-24	2011.732351
A/Victoria/70/2012|EPI_ISL_192823|VIC|2012-06-30	2012-07-01	2012.498289
A/SOUTHAUSTRALIA/66/2012|EPI_ISL_128639|SA|2012-06-24	2012-06-25	2012.481862
NODE_0000098	2011-05-02	2011.335248
A/Brisbane/6/2012|EPI_ISL_222264|QLD|2012-02-02	2012-02-02	2012.090349
A/Victoria/213/2012|EPI_ISL_192797|VIC|2012-08-28	2012-08-29	2012.659822
A/Sydney/21/2012|EPI_ISL_288798|NSW|2012-05-18	2012-05-19	2012.380561
A/Victoria/57/2012|EPI_ISL_192820|VIC|2012-06-26	2012-06-27	2012.487337
A/Victoria/3/2012|EPI_ISL_192801|VIC|2012-05-07	2012-05-08	2012.350445
A/Perth/196/2011|EPI_ISL_192741|WA|2011-09-12	2011-09-12	2011.698152
NODE_0000101	2011-07-28	2011.574432
A/Victoria/180/2012|EPI_ISL_192792|VIC|2012-08-13	2012-08-14	2012.618754
A/SOUTHAUSTRALIA/39/2012|EPI_ISL_122577|SA|2012-06-01	2012-06-02	2012.418891
NODE_0000104	2011-08-13	2011.616693
A/Victoria/64/2012|EPI_ISL_192821|VIC|2012-06-27	2012-06-28	2012.490075
A/BRISBANE/29/2012|EPI_ISL_122564|QLD|2012-03-31	2012-04-01	2012.249144
NODE_0000107	2011-07-17	2011.542137
A/Victoria/140/2012|EPI_ISL_192784|VIC|2012-07-25	2012-07-26	2012.566735
A/SYDNEY/200/2012|EPI_ISL_122572|NSW|2012-01-09	2012-01-09	2012.024641
NODE_0000110	2011-09-02	2011.672110
A/Victoria/119/2012|EPI_ISL_192782|VIC|2012-07-16	2012-07-17	2012.542094
A/Perth/153/2012|EPI_ISL_192737|WA|2012-07-02	2012-07-03	2012.503765
NODE_0000112	2011-06-14	2011.453272
A/Brisbane/1/2012|EPI_ISL_222263|QLD|2012-01-06	2012-01-06	2012.016427
A/DARWIN/1001/2012|EPI_ISL_128749|NT|2012-07-16	2012-07-17	2012.542094
NODE_0000114	2011-09-12	2011.699546
A/Victoria/195/2012|EPI_ISL_192796|VIC|2012-08-22	2012-08-23	2012.643395
A/TASMANIA/2/2012|EPI_ISL_121687|TAS|2012-03-21	2012-03-22	2012.221766
A/CANBERRA/33/2012|EPI_ISL_128671|ACT|2012-07-07	2012-07-08	2012.517454
A/Victoria/148/2012|EPI_ISL_192788|VIC|2012-07-25	2012-07-26	2012.566735
NODE_0000118	2011-08-15	2011.623409
A/Victoria/122/2012|EPI_ISL_192783|VIC|2012-07-16	2012-07-17	2012.542094
A/BRISBANE/3/2013|EPI_ISL_141599|Queensland|2013-01-07	2013-01-07	2013.019165
A/TASMANIA/60/2012|EPI_ISL_134528|TAS|2012-08-20	2012-08-21	2012.637919
NODE_0000122	2012-04-02	2012.251914
A/TASMANIA/15/2014|EPI_ISL_166140|TAS|2014-06-04	2014-06-04	2014.424367
A/NEWCASTLE/20/2014|EPI_ISL_165907|NSW|2014-02-07	2014-02-07	2014.104038
A/Victoria/214/2012|EPI_ISL_192798|VIC|2012-08-29	2012-08-30	2012.662560
NODE_0000128	2013-01-22	2013.061128
A/SYDNEY/83/2013|EPI_ISL_161897|NSW|2013-11-21	2013-11-21	2013.889802
A/Sydney/26/2014|EPI_ISL_288220|NSW|2014-03-01	2014-03-01	2014.164271
A/Canberra/2/2014|EPI_ISL_219279|ACT|2014-01-23	2014-01-23	2014.062971
NODE_0000123	2012-08-28	2012.657268
A/Newcastle/1/2013|EPI_ISL_219288|NSW|2013-01-14	2013-01-14	2013.038330
NODE_0000124	2014-01-05	2014.014475
A/SOUTHAUSTRALIA/1007/2014|EPI_ISL_168916|NSW|2014-07-09	2014-07-09	2014.520192
A/Victoria/5021/2014|EPI_ISL_192806|VIC|2014-08-29	2014-08-29	2014.659822
A/Sydney/1065/2014|EPI_ISL_192771|NSW|2014-09-01	2014-09-01	2014.668036
NODE_0000132	2012-07-01	2012.498616
A/Victoria/5049/2014|EPI_ISL_192810|VIC|2014-09-11	2014-09-11	2014.695414
NODE_0000134	2012-10-12	2012.781069
A/Victoria/505/2013|EPI_ISL_219322|VIC|2013-06-17	2013-06-17	2013.459959
A/Perth/2/2014|EPI_ISL_219290|WA|2014-01-01	2014-01-01	2014.002738
NODE_0000136	2012-11-30	2012.916132
A/SYDNEY/8/2014|EPI_ISL_161906|NSW|2014-01-11	2014-01-11	2014.030116
NODE_0000137	2013-05-20	2013.384872
A/Sydney/30/2014|EPI_ISL_173207|NSW|2014-03-02	2014-03-02	2014.167009
A/SOUTHAUSTRALIA/79/2013|EPI_ISL_161281|SA|2013-09-23	2013-09-23	2013.728268
NODE_0000139	2014-02-19	2014.136896
A/Victoria/5064/2014|EPI_ISL_192817|VIC|2014-09-22	2014-09-22	2014.725530
A/Victoria/5018/2014|EPI_ISL_192805|VIC|2014-08-29	2014-08-29	2014.659822
NODE_0000140	2012-10-29	2012.828554
NODE_0000692	2012-11-03	2012.840532
A/CANBERRA/113/2013|EPI_ISL_161285|ACT|2013-10-11	2013-10-11	2013.777550
NODE_0000643	2013-01-16	2013.045501
A/VICTORIA/640/2013|EPI_ISL_161302|VIC|2013-10-14	2013-10-14	2013.785763
NODE_0000644	2013-01-19	2013.052305
NODE_0000145	2013-07-22	2013.558089
A/PERTH/522/2014|EPI_ISL_166130|WA|2014-03-11	2014-03-11	2014.191650
A/TASMANIA/3/2014|EPI_ISL_161904|TAS|2014-01-06	2014-01-06	2014.016427
NODE_0000645	2013-01-19	2013.052305
A/Victoria/5057/2014|EPI_ISL_192813|VIC|2014-09-18	2014-09-18	2014.714579
A/SYDNEY/37/2014|EPI_ISL_166132|NSW|2014-02-15	2014-02-15	2014.125941
NODE_0000146	2013-05-18	2013.379403
NODE_0000147	2014-07-29	2014.576373
A/Sydney/327/2014|EPI_ISL_171817|NSW|2014-12-03	2014-12-03	2014.922656
NODE_0000148	2014-12-16	2014.960682
A/Victoria/1000/2015|EPI_ISL_219035|VIC|2015-06-17	2015-06-17	2015.459959
A/Victoria/3059/2015|EPI_ISL_202697|VIC|2015-09-04	2015-09-04	2015.676249
NODE_0000149	2013-10-16	2013.792301
NODE_0000150	2014-12-15	2014.957695
A/Tasmania/1012/2015|EPI_ISL_219034|TAS|2015-08-04	2015-08-04	2015.591376
A/SouthAustralia/64/2015|EPI_ISL_197940|SA|2015-05-22	2015-05-22	2015.388775
NODE_0000151	2013-12-15	2013.955839
A/VICTORIA/2078/2014|EPI_ISL_168959|VIC|2014-09-10	2014-09-10	2014.692676
A/TASMANIA/122/2014|EPI_ISL_168932|TAS|2014-09-05	2014-09-05	2014.678987
A/Victoria/5025/2014|EPI_ISL_192807|VIC|2014-09-01	2014-09-01	2014.668036
A/Victoria/5071/2014|EPI_ISL_192819|VIC|2014-10-03	2014-10-03	2014.755647
NODE_0000156	2014-07-06	2014.512900
A/Tasmania/1014/2015|EPI_ISL_202610|TAS|2015-08-20	2015-08-20	2015.635181
A/Sydney/20/2015|EPI_ISL_194533|NSW|2015-03-24	2015-03-24	2015.227242
NODE_0000158	2014-01-13	2014.037251
A/VICTORIA/503/2014|EPI_ISL_164984|VIC|2014-05-05	2014-05-05	2014.342231
A/NEWCASTLE/25/2014|EPI_ISL_164980|NSW|2014-05-04	2014-05-04	2014.339493
NODE_0000159	2014-04-30	2014.328741
A/Victoria/6001/2015|EPI_ISL_219040|VIC|2015-01-04	2015-01-04	2015.010951
NODE_0000160	2014-09-23	2014.730304
A/Victoria/511/2015|EPI_ISL_219039|VIC|2015-05-16	2015-05-16	2015.372348
A/Victoria/664/2015|EPI_ISL_209046|VIC|2015-09-22	2015-09-22	2015.725530
NODE_0000162	2013-05-07	2013.348938
A/SouthAustralia/40/2014|EPI_ISL_219310|SA|2014-06-20	2014-06-20	2014.468172
NODE_0000163	2015-04-29	2015.326758
A/SouthAustralia/3/2016|EPI_ISL_222804|SA|2016-01-03	2016-01-03	2016.008214
A/Sydney/29/2016|EPI_ISL_222803|NSW|2016-01-10	2016-01-10	2016.027379
NODE_0000165	2013-07-09	2013.521407
A/Sydney/6/2015|EPI_ISL_197853|NSW|2015-01-05	2015-01-05	2015.013689
NODE_0000179	2013-09-19	2013.717689
A/Tasmania/11/2014|EPI_ISL_166748|TAS|2014-03-16	2014-03-16	2014.205339
NODE_0000180	2014-01-13	2014.036916
A/SouthAustralia/24/2014|EPI_ISL_219307|SA|2014-06-08	2014-06-08	2014.435318
A/SouthAustralia/55/2014|EPI_ISL_166745|SA|2014-06-14	2014-06-14	2014.451745
NODE_0000185	2013-10-04	2013.760931
A/Canberra/12/2015|EPI_ISL_194498|ACT|2015-02-12	2015-02-12	2015.117728
A/Victoria/69/2014|EPI_ISL_192822|VIC|2014-07-16	2014-07-16	2014.539357
A/VICTORIA/806/2014|EPI_ISL_165906|VIC|2014-04-28	2014-04-28	2014.323066
NODE_0000181	2013-09-07	2013.686919
A/Perth/551/2014|EPI_ISL_192748|WA|2014-05-08	2014-05-08	2014.350445
A/SYDNEY/84/2014|EPI_ISL_166037|NSW|2014-05-22	2014-05-22	2014.388775
NODE_0000183	2014-01-15	2014.043168
A/TASMANIA/37/2014|EPI_ISL_168933|TAS|2014-08-06	2014-08-06	2014.596851
A/SYDNEY/85/2014|EPI_ISL_166038|NSW|2014-06-03	2014-06-03	2014.421629
NODE_0000168	2016-04-28	2016.323537
NODE_0000169	2016-09-11	2016.696089
A/Brisbane/1/2017|EPI_ISL_288867|QLD|2017-01-02	2017-01-02	2017.005476
NODE_0000170	2016-11-04	2016.843303
A/Brisbane/4/2017|EPI_ISL_273047|QLD|2017-01-09	2017-01-09	2017.024641
A/Brisbane/4/2017|EPI_ISL_269254|QLD|2017-01-09	2017-01-09	2017.024641
NODE_0000171	2016-06-26	2016.486138
A/Brisbane/13/2017|EPI_ISL_275282|QLD|2017-01-16	2017-01-16	2017.043806
NODE_0000172	2016-09-29	2016.745729
A/Newcastle/77/2017|EPI_ISL_275189|NSW|2017-07-02	2017-07-02	2017.501027
A/Newcastle/51/2017|EPI_ISL_275554|NSW|2017-03-21	2017-03-21	2017.219028
NODE_0000174	2017-01-23	2017.065626
A/Newcastle/78/2017|EPI_ISL_275190|NSW|2017-06-04	2017-06-04	2017.424367
NODE_0000175	2017-06-26	2017.487190
A/Perth/103/2018|EPI_ISL_331777|WA|2018-09-03	2018-09-03	2018.673511
A/Brisbane/34/2018|EPI_ISL_330022|Queensland|2018-03-17	2018-03-17	2018.208077
NODE_0000693	2013-08-05	2013.596725
NODE_0000646	2013-09-16	2013.711305
A/VICTORIA/27/2014|EPI_ISL_166030|VIC|2014-06-25	2014-06-25	2014.481862
NODE_0000647	2013-09-16	2013.711305
A/SOUTHAUSTRALIA/55/2014|EPI_ISL_165592|SA|2014-06-14	2014-06-14	2014.451745
A/Brisbane/368/2014|EPI_ISL_171769|QLD|2014-11-21	2014-11-21	2014.889802
NODE_0000188	2013-10-31	2013.834607
A/SouthAustralia/1/2015|EPI_ISL_192749|SA|2015-02-07	2015-02-07	2015.104038
NODE_0000189	2014-06-25	2014.483503
A/SouthAustralia/106/2016|EPI_ISL_239954|SA|2016-09-09	2016-09-10	2016.692676
NODE_0000190	2015-04-15	2015.289075
A/Perth/22/2016|EPI_ISL_234132|WA|2016-04-15	2016-04-16	2016.290212
NODE_0000191	2015-09-06	2015.683359
A/Brisbane/280/2016|EPI_ISL_243989|QLD|2016-10-27	2016-10-28	2016.824093
NODE_0000192	2015-10-27	2015.821490
A/SouthAustralia/41/2016|EPI_ISL_233231|SA|2016-07-02	2016-07-03	2016.503765
A/Tasmania/75/2016|EPI_ISL_239839|TAS|2016-10-03	2016-10-04	2016.758385
A/Newcastle/53/2016|EPI_ISL_233242|NSW|2016-07-17	2016-07-18	2016.544832
A/Tasmania/199/2016|EPI_ISL_239838|TAS|2016-11-25	2016-11-26	2016.903491
NODE_0000193	2016-05-05	2016.344454
A/Brisbane/7/2017|EPI_ISL_269348|QLD|2017-01-09	2017-01-09	2017.024641
A/Townsville/51/2016|EPI_ISL_246674|QLD|2016-12-13	2016-12-14	2016.952772
NODE_0000198	2015-12-30	2015.998287
A/Newcastle/67/2016|EPI_ISL_233278|NSW|2016-07-29	2016-07-30	2016.577687
A/Perth/141/2016|EPI_ISL_289841|WA|2016-08-22	2016-08-23	2016.643395
NODE_0000199	2011-09-16	2011.709443
A/Victoria/710/2013|EPI_ISL_219313|VIC|2013-02-03	2013-02-03	2013.093087
A/BRISBANE/132/2012|EPI_ISL_134454|Queensland|2012-07-30	2012-07-31	2012.580424
NODE_0000202	2012-05-10	2012.356801
A/BRISBANE/24/2013|EPI_ISL_161270|QLD|2013-02-25	2013-02-25	2013.153320
A/TASMANIA/1/2013|EPI_ISL_141559|TAS|2013-02-22	2013-02-22	2013.145106
NODE_0000203	2011-11-29	2011.912999
NODE_0000204	2012-04-12	2012.279833
A/Brisbane/1/2013|EPI_ISL_219278|QLD|2013-01-03	2013-01-03	2013.008214
A/SOUTHAUSTRALIA/8/2013|EPI_ISL_141558|SA|2013-03-06	2013-03-06	2013.177960
NODE_0000205	2012-02-02	2012.091652
NODE_0000207	2012-07-14	2012.534502
A/Brisbane/21/2013|EPI_ISL_219275|QLD|2013-02-27	2013-02-27	2013.158795
A/PERTH/164/2013|EPI_ISL_151587|WA|2013-08-29	2013-08-29	2013.659822
NODE_0000648	2012-06-13	2012.450428
NODE_0000208	2012-12-04	2012.927132
A/Victoria/506/2013|EPI_ISL_219323|VIC|2013-06-16	2013-06-16	2013.457221
A/Victoria/504/2013|EPI_ISL_219329|VIC|2013-06-17	2013-06-17	2013.459959
A/VICTORIA/528/2013|EPI_ISL_151492|VIC|2013-07-19	2013-07-19	2013.547570
NODE_0000649	2012-06-25	2012.481960
NODE_0000212	2013-02-10	2013.113961
A/Perth/98/2013|EPI_ISL_219292|WA|2013-08-05	2013-08-05	2013.594114
A/Perth/239/2013|EPI_ISL_219291|WA|2013-09-26	2013-09-26	2013.736482
NODE_0000650	2012-06-25	2012.481960
A/BRISBANE/141/2013|EPI_ISL_161283|QLD|2013-08-18	2013-08-18	2013.629706
NODE_0000213	2012-11-05	2012.847966
A/TOWNSVILLE/33/2013|EPI_ISL_145320|QUEENSLAND|2013-03-21	2013-03-21	2013.219028
A/Perth/247/2013|EPI_ISL_192743|WA|2013-10-07	2013-10-07	2013.766598
NODE_0000215	2013-08-06	2013.597512
A/Canberra/3/2014|EPI_ISL_219280|ACT|2014-01-27	2014-01-27	2014.073922
A/Brisbane/43/2014|EPI_ISL_165893|QLD|2014-02-17	2014-02-17	2014.131417
NODE_0000217	2013-06-29	2013.494482
NODE_0000219	2014-02-03	2014.094803
A/Victoria/5006/2014|EPI_ISL_219037|VIC|2014-08-25	2014-08-25	2014.648871
A/NEWCASTLE/1016/2014|EPI_ISL_168904|NSW|2014-08-06	2014-08-06	2014.596851
NODE_0000651	2013-08-26	2013.652222
A/PERTH/515/2014|EPI_ISL_166133|WA|2014-02-16	2014-02-16	2014.128679
NODE_0000652	2013-11-12	2013.867691
A/SouthAustralia/57/2015|EPI_ISL_194528|SA|2015-04-20	2015-04-20	2015.301164
NODE_0000653	2014-03-17	2014.208077
A/PERTH/526/2014|EPI_ISL_166124|WA|2014-03-17	2014-03-17	2014.208077
A/Perth/43/2015|EPI_ISL_197959|WA|2015-05-21	2015-05-21	2015.386037
NODE_0000224	2013-09-11	2013.695959
NODE_0000225	2014-01-15	2014.043685
NODE_0000227	2014-06-10	2014.442231
A/SouthAustralia/9/2015|EPI_ISL_222826|SA|2015	2015-01-01	2015.000000
A/SouthAustralia/9/2015|EPI_ISL_192760|SA|2015-02-12	2015-02-12	2015.117728
NODE_0000654	2014-05-07	2014.348293
A/SouthAustralia/60/2015|EPI_ISL_197923|SA|2015-05-03	2015-05-03	2015.336756
A/SouthAustralia/49/2015|EPI_ISL_194527|SA|2015-04-06	2015-04-06	2015.262834
NODE_0000228	2016-02-27	2016.160415
A/SouthAustralia/1001/2017|EPI_ISL_277302|SA|2017-02-27	2017-02-27	2017.158795
NODE_0000229	2016-07-11	2016.526723
A/SouthAustralia/65/2017|EPI_ISL_269434|SA|2017-04-03	2017-04-03	2017.254620
A/SouthAustralia/22/2017|EPI_ISL_249175|SA|2017-01-24	2017-01-24	2017.065708
NODE_0000231	2016-10-13	2016.784732
A/Victoria/541/2017|EPI_ISL_275273|VIC|2017-07-09	2017-07-09	2017.520192
A/Victoria/560/2017|EPI_ISL_277989|VIC|2017-07-15	2017-07-15	2017.536619
NODE_0000233	2016-08-26	2016.653739
A/Sydney/134/2017|EPI_ISL_271321|NSW|2017-04-08	2017-04-08	2017.268309
A/Sydney/66/2017|EPI_ISL_269412|NSW|2017-03-18	2017-03-18	2017.210815
NODE_0000235	2016-07-04	2016.507346
A/Victoria/13/2017|EPI_ISL_275280|VIC|2017-06-14	2017-06-14	2017.451745
A/Sydney/111/2017|EPI_ISL_275596|NSW|2017-04-18	2017-04-18	2017.295688
NODE_0000237	2016-08-17	2016.628840
A/Sydney/113/2017|EPI_ISL_275579|NSW|2017-04-21	2017-04-21	2017.303901
NODE_0000238	2016-09-23	2016.729439
A/Brisbane/50/2017|EPI_ISL_271277|QLD|2017-05-08	2017-05-08	2017.350445
A/Brisbane/29/2017|EPI_ISL_275805|QLD|2017	2017-01-01	2017.000000
A/Victoria/561/2017|EPI_ISL_277990|VIC|2017-07-14	2017-07-14	2017.533881
NODE_0000241	2016-06-04	2016.425844
A/SouthAustralia/173/2017|EPI_ISL_277311|SA|2017-06-26	2017-06-26	2017.484600
NODE_0000243	2017-01-02	2017.006669
A/Sydney/1132/2017|EPI_ISL_288937|NSW|2017-08-16	2017-08-16	2017.624230
A/Sydney/1196/2017|EPI_ISL_313422|NSW|2017-09-20	2017-09-20	2017.720055
NODE_0000245	2016-11-16	2016.876883
A/Victoria/652/2017|EPI_ISL_277939|VIC|2017-08-10	2017-08-10	2017.607803
A/Victoria/1023/2017|EPI_ISL_288916|VIC|2017-08-25	2017-08-25	2017.648871
A/Victoria/133/2017|EPI_ISL_313385|VIC|2017-08-21	2017-08-21	2017.637919
A/Victoria/118/2017|EPI_ISL_313383|VIC|2017-08-24	2017-08-24	2017.646133
A/Victoria/43/2017|EPI_ISL_277356|VIC|2017-07-14	2017-07-14	2017.533881
NODE_0000249	2016-11-13	2016.868520
A/Victoria/201/2017|EPI_ISL_293770|VIC|2017-09-15	2017-09-15	2017.706366
A/Victoria/1027/2017|EPI_ISL_288934|VIC|2017-08-21	2017-08-21	2017.637919
A/Victoria/746/2017|EPI_ISL_291277|VIC|2017-09-09	2017-09-09	2017.689938
A/Perth/225/2017|EPI_ISL_293765|WA|2017-09-06	2017-09-06	2017.681725
A/Victoria/60/2017|EPI_ISL_277991|VIC|2017-07-31	2017-07-31	2017.580424
A/Sydney/1093/2017|EPI_ISL_277911|NSW|2017-08-03	2017-08-03	2017.588638
A/Victoria/15/2017|EPI_ISL_277315|VIC|2017-06-19	2017-06-19	2017.465435
A/Victoria/208/2017|EPI_ISL_291354|VIC|2017-09-21	2017-09-21	2017.722793
NODE_0000256	2013-08-16	2013.625581
A/Sydney/236/2014|EPI_ISL_171778|NSW|2014-08-21	2014-08-21	2014.637919
A/Victoria/9/2015|EPI_ISL_288028|VIC|2015-05-21	2015-05-21	2015.386037
A/Sydney/20/2014|EPI_ISL_165890|NSW|2014-01-26	2014-01-26	2014.071184
A/Brisbane/1000/2015|EPI_ISL_197966|QLD|2015-06-05	2015-06-05	2015.427105
NODE_0000260	2013-09-21	2013.723166
A/Victoria/515/2015|EPI_ISL_197992|VIC|2015-06-28	2015-06-28	2015.490075
A/Canberra/82/2014|EPI_ISL_174194|ACT|2014-07-31	2014-07-31	2014.580424
NODE_0000330	2014-02-11	2014.116019
A/Tasmania/2/2015|EPI_ISL_197855|TAS|2015-02-23	2015-02-23	2015.147844
A/Victoria/5060/2014|EPI_ISL_172428|VIC|2014-09-19	2014-09-19	2014.717317
NODE_0000273	2014-01-26	2014.072002
A/Sydney/171/2016|EPI_ISL_233283|NSW|2016-07-29	2016-07-30	2016.577687
NODE_0000274	2014-03-26	2014.233505
A/Sydney/224/2015|EPI_ISL_287819|NSW|2015-09-04	2015-09-04	2015.676249
NODE_0000275	2014-12-25	2014.985322
A/Newcastle/43/2016|EPI_ISL_233224|NSW|2016-06-07	2016-06-08	2016.435318
NODE_0000276	2015-07-15	2015.537466
A/SouthAustralia/32/2016|EPI_ISL_233867|SA|2016-06-10	2016-06-11	2016.443532
NODE_0000277	2015-11-13	2015.869682
A/SouthAustralia/138/2016|EPI_ISL_243977|SA|2016-10-27	2016-10-28	2016.824093
A/Brisbane/68/2016|EPI_ISL_234131|QLD|2016-03-14	2016-03-15	2016.202601
NODE_0000279	2014-05-05	2014.343681
A/Victoria/640/2015|EPI_ISL_287858|VIC|2015-09-24	2015-09-24	2015.731006
A/Brisbane/82/2015|EPI_ISL_219029|QLD|2015-04-22	2015-04-22	2015.306639
NODE_0000281	2014-09-27	2014.741230
A/Victoria/2071/2015|EPI_ISL_209048|VIC|2015-08-03	2015-08-03	2015.588638
A/Townsville/37/2015|EPI_ISL_287812|QLD|2015-10-18	2015-10-18	2015.796715
NODE_0000282	2015-03-18	2015.211173
A/Brisbane/174/2015|EPI_ISL_219025|QLD|2015-09-07	2015-09-07	2015.684463
A/Brisbane/174/2015|EPI_ISL_287852|QLD|2015-09-07	2015-09-07	2015.684463
NODE_0000694	2013-10-17	2013.795124
A/Sydney/57/2015|EPI_ISL_198059|NSW|2015-06-19	2015-06-19	2015.465435
NODE_0000695	2013-11-21	2013.891483
NODE_0000286	2014-02-16	2014.129665
A/Victoria/901/2015|EPI_ISL_192825|VIC|2015-02-07	2015-02-07	2015.104038
A/Townsville/11/2015|EPI_ISL_197897|QLD|2015-03-23	2015-03-23	2015.224504
A/Sydney/1006/2015|EPI_ISL_197968|NSW|2015-06-18	2015-06-18	2015.462697
NODE_0000289	2014-07-17	2014.544769
NODE_0000290	2015-01-30	2015.083614
A/Victoria/48/2015|EPI_ISL_202639|VIC|2015-08-10	2015-08-10	2015.607803
A/Victoria/823/2015|EPI_ISL_198044|VIC|2015-07-23	2015-07-23	2015.558522
NODE_0000291	2014-11-05	2014.848557
A/Victoria/519/2015|EPI_ISL_198000|VIC|2015-06-27	2015-06-27	2015.487337
A/Victoria/17/2015|EPI_ISL_202588|VIC|2015-07-08	2015-07-08	2015.517454
A/SouthAustralia/1038/2015|EPI_ISL_287826|SA|2015-09-15	2015-09-15	2015.706366
A/Newcastle/64/2015|EPI_ISL_226255|NSW|2015-12-05	2015-12-05	2015.928131
A/Brisbane/6/2016|EPI_ISL_222827|QLD|2016-01-04	2016-01-04	2016.010951
A/Sydney/1024/2015|EPI_ISL_202629|NSW|2015-08-20	2015-08-20	2015.635181
A/SouthAustralia/139/2015|EPI_ISL_287843|SA|2015-09-03	2015-09-03	2015.673511
NODE_0000293	2015-02-04	2015.098176
A/Darwin/1000/2015|EPI_ISL_287834|NT|2015-10-08	2015-10-08	2015.769336
A/SouthAustralia/31/2016|EPI_ISL_289138|SA|2016-06-10	2016-06-11	2016.443532
A/Victoria/3100/2015|EPI_ISL_287859|VIC|2015-09-15	2015-09-15	2015.706366
NODE_0000655	2013-11-29	2013.911871
NODE_0000302	2014-02-26	2014.158097
A/Victoria/535/2015|EPI_ISL_198010|VIC|2015-07-11	2015-07-11	2015.525667
NODE_0000303	2014-12-09	2014.941050
A/Brisbane/132/2015|EPI_ISL_198031|QLD|2015-06-29	2015-06-29	2015.492813
A/Brisbane/184/2015|EPI_ISL_287810|QLD|2015-10-24	2015-10-24	2015.813142
A/Victoria/15/2015|EPI_ISL_198023|VIC|2015-07-09	2015-07-09	2015.520192
NODE_0000656	2013-11-29	2013.911871
NODE_0000261	2014-02-23	2014.148871
A/Sydney/529/2014|EPI_ISL_194538|NSW|2014-11-20	2014-11-20	2014.887064
A/Canberra/13/2015|EPI_ISL_197922|ACT|2015-03-23	2015-03-23	2015.224504
A/Sydney/506/2015|EPI_ISL_197874|NSW|2015-01-03	2015-01-03	2015.008214
NODE_0000657	2013-12-27	2013.990171
NODE_0000265	2014-03-24	2014.228390
A/Sydney/1/2015|EPI_ISL_192768|NSW|2015-01-11	2015-01-11	2015.030116
NODE_0000266	2014-09-20	2014.720067
A/Perth/116/2015|EPI_ISL_202609|WA|2015-07-15	2015-07-15	2015.536619
A/Perth/114/2015|EPI_ISL_202608|WA|2015-07-07	2015-07-07	2015.514716
NODE_0000658	2014-03-31	2014.246467
NODE_0000659	2014-03-31	2014.246467
A/SouthAustralia/119/2015|EPI_ISL_202699|SA|2015-08-21	2015-08-21	2015.637919
NODE_0000660	2014-03-31	2014.246467
A/Sydney/10/2015|EPI_ISL_192769|NSW|2015-02-20	2015-02-20	2015.139630
NODE_0000661	2014-04-05	2014.262073
A/Townsville/8/2015|EPI_ISL_197886|QLD|2015-03-16	2015-03-16	2015.205339
NODE_0000662	2014-06-02	2014.421174
A/Newcastle/14/2015|EPI_ISL_288020|NSW|2015-06-21	2015-06-21	2015.470910
NODE_0000663	2014-06-02	2014.421174
A/Victoria/509/2015|EPI_ISL_197910|VIC|2015-04-24	2015-04-24	2015.312115
NODE_0000272	2015-09-05	2015.678987
A/SouthAustralia/156/2016|EPI_ISL_249240|SA|2016-11-21	2016-11-22	2016.892539
A/Sydney/225/2015|EPI_ISL_287820|NSW|2015-09-05	2015-09-05	2015.678987
NODE_0000307	2016-01-04	2016.012304
A/Tasmania/219/2016|EPI_ISL_275564|TAS|2016-12-15	2016-12-16	2016.958248
A/Sydney/92/2017|EPI_ISL_275588|NSW|2017-03-21	2017-03-21	2017.219028
A/SouthAustralia/34/2017|EPI_ISL_269344|SA|2017-02-09	2017-02-09	2017.109514
A/Victoria/507/2017|EPI_ISL_275199|VIC|2017-06-28	2017-06-28	2017.490075
NODE_0000309	2016-07-01	2016.499973
A/Townsville/5/2017|EPI_ISL_269279|QLD|2017-03-08	2017-03-08	2017.183436
A/Brisbane/43/2017|EPI_ISL_274922|QLD|2017-04-04	2017-04-04	2017.257358
A/Sydney/1017/2017|EPI_ISL_277306|NSW|2017-07-04	2017-07-04	2017.506502
NODE_0000315	2016-04-25	2016.317272
A/Sydney/100/2017|EPI_ISL_275593|NSW|2017-03-20	2017-03-20	2017.216290
NODE_0000316	2016-06-03	2016.422336
A/Victoria/2027/2017|EPI_ISL_277327|VIC|2017-06-19	2017-06-19	2017.465435
A/SouthAustralia/19/2017|EPI_ISL_249169|SA|2017-01-19	2017-01-19	2017.052019
A/Newcastle/44/2017|EPI_ISL_275549|NSW|2017-03-21	2017-03-21	2017.219028
NODE_0000318	2016-09-23	2016.730943
A/Brisbane/57/2017|EPI_ISL_271279|QLD|2017-05-09	2017-05-09	2017.353183
A/Victoria/192/2017|EPI_ISL_293781|VIC|2017-09-07	2017-09-07	2017.684463
NODE_0000321	2016-07-08	2016.519489
A/Newcastle/18/2017|EPI_ISL_269365|NSW|2017-02-20	2017-02-20	2017.139630
A/Brisbane/203/2017|EPI_ISL_312177|QLD|2017-11-30	2017-11-30	2017.914442
NODE_0000322	2016-03-23	2016.226725
A/Sydney/138/2017|EPI_ISL_274919|NSW|2017-04-25	2017-04-25	2017.314853
A/SouthAustralia/46/2017|EPI_ISL_269392|SA|2017-03-09	2017-03-09	2017.186174
NODE_0000324	2016-05-13	2016.366164
A/Brisbane/9/2017|EPI_ISL_269350|QLD|2017-01-10	2017-01-10	2017.027379
NODE_0000325	2016-07-05	2016.510805
A/Brisbane/22/2017|EPI_ISL_269356|QLD|2017-01-15	2017-01-15	2017.041068
NODE_0000326	2016-10-30	2016.830420
NODE_0000327	2017-01-24	2017.067285
A/Victoria/639/2017|EPI_ISL_277933|VIC|2017-08-08	2017-08-08	2017.602327
A/SouthAustralia/246/2017|EPI_ISL_291337|SA|2017-09-05	2017-09-05	2017.678987
NODE_0000328	2017-01-21	2017.058693
A/SouthAustralia/142/2017|EPI_ISL_275230|SA|2017-06-16	2017-06-16	2017.457221
A/SouthAustralia/93/2017|EPI_ISL_271257|SA|2017-05-23	2017-05-23	2017.391513
NODE_0000332	2013-12-13	2013.950945
A/Victoria/5003/2014|EPI_ISL_192804|VIC|2014-08-25	2014-08-25	2014.648871
A/Victoria/5062/2014|EPI_ISL_192815|VIC|2014-09-23	2014-09-23	2014.728268
NODE_0000333	2014-03-05	2014.175494
A/Brisbane/341/2014|EPI_ISL_219046|QLD|2014-10-03	2014-10-03	2014.755647
A/VICTORIA/673/2014|EPI_ISL_195752|VIC|2014-09-07	2014-09-07	2014.684463
NODE_0000357	2014-06-11	2014.445198
A/Tasmania/7/2015|EPI_ISL_194544|TAS|2015-04-20	2015-04-20	2015.301164
A/SouthAustralia/132/2015|EPI_ISL_287924|SA|2015-09-10	2015-09-10	2015.692676
A/Perth/65/2015|EPI_ISL_287890|WA|2015-07-13	2015-07-13	2015.531143
A/Sydney/27/2015|EPI_ISL_197908|NSW|2015-04-09	2015-04-09	2015.271047
A/Brisbane/40/2015|EPI_ISL_288139|QLD|2015-03-14	2015-03-14	2015.199863
A/Perth/94/2015|EPI_ISL_287947|WA|2015-08-05	2015-08-05	2015.594114
A/SouthAustralia/1006/2015|EPI_ISL_287860|SA|2015-07-10	2015-07-10	2015.522930
NODE_0000363	2014-08-31	2014.666966
A/Victoria/538/2015|EPI_ISL_287987|VIC|2015-07-09	2015-07-09	2015.520192
A/Victoria/52/2015|EPI_ISL_287828|VIC|2015-08-21	2015-08-21	2015.637919
NODE_0000365	2014-10-19	2014.800504
A/Victoria/19/2015|EPI_ISL_202590|VIC|2015-07-17	2015-07-17	2015.542094
A/Victoria/522/2015|EPI_ISL_198002|VIC|2015-06-30	2015-06-30	2015.495551
NODE_0000369	2014-10-14	2014.786543
A/Sydney/1010/2015|EPI_ISL_287956|NSW|2015-07-14	2015-07-14	2015.533881
A/Victoria/820/2015|EPI_ISL_287982|VIC|2015-07-23	2015-07-23	2015.558522
A/SouthAustralia/129/2015|EPI_ISL_287923|SA|2015-09-12	2015-09-12	2015.698152
NODE_0000371	2014-08-11	2014.612621
A/Victoria/16/2015|EPI_ISL_198024|VIC|2015-07-09	2015-07-09	2015.520192
A/Tasmania/1007/2015|EPI_ISL_202694|TAS|2015-07-06	2015-07-06	2015.511978
NODE_0000373	2015-01-26	2015.072007
A/Sydney/1020/2015|EPI_ISL_202623|NSW|2015-08-21	2015-08-21	2015.637919
A/SouthAustralia/1016/2015|EPI_ISL_202579|SA|2015-08-03	2015-08-03	2015.588638
NODE_0000337	2014-02-15	2014.126235
A/Townsville/16/2015|EPI_ISL_287980|QLD|2015-06-19	2015-06-19	2015.465435
NODE_0000338	2014-04-09	2014.271149
A/Perth/24/2015|EPI_ISL_197953|WA|2015-03-19	2015-03-19	2015.213552
A/Brisbane/1003/2015|EPI_ISL_202585|QLD|2015-07-28	2015-07-28	2015.572211
NODE_0000350	2014-12-18	2014.964884
A/Victoria/455/2015|EPI_ISL_209074|VIC|2015-12-15	2015-12-15	2015.955510
A/Brisbane/140/2015|EPI_ISL_198057|QLD|2015-07-06	2015-07-06	2015.511978
NODE_0000346	2014-08-14	2014.620118
A/Victoria/23/2015|EPI_ISL_202641|VIC|2015-07-23	2015-07-23	2015.558522
NODE_0000347	2014-10-08	2014.771173
A/Brisbane/47/2015|EPI_ISL_219027|QLD|2015-03-18	2015-03-18	2015.210815
A/Perth/68/2015|EPI_ISL_202703|WA|2015-07-15	2015-07-15	2015.536619
NODE_0000351	2014-05-27	2014.404007
A/Brisbane/115/2015|EPI_ISL_197975|QLD|2015-06-09	2015-06-09	2015.438056
A/Brisbane/74/2015|EPI_ISL_197941|QLD|2015-04-14	2015-04-14	2015.284736
A/Newcastle/4/2015|EPI_ISL_197927|NSW|2015-04-06	2015-04-06	2015.262834
A/Townsville/6/2015|EPI_ISL_197870|QLD|2015-01-22	2015-01-22	2015.060233
NODE_0000352	2014-10-16	2014.792178
A/SouthAustralia/21/2015|EPI_ISL_219031|SA|2015-03-13	2015-03-13	2015.197125
A/SouthAustralia/52/2015|EPI_ISL_197917|SA|2015-04-22	2015-04-22	2015.306639
NODE_0000696	2014-04-16	2014.292882
A/Victoria/503/2015|EPI_ISL_219038|VIC|2015-03-31	2015-03-31	2015.246407
NODE_0000664	2014-05-26	2014.401141
A/Sydney/1030/2015|EPI_ISL_202455|NSW|2015-08-05	2015-08-05	2015.594114
NODE_0000665	2014-08-03	2014.588970
A/Sydney/9/2016|EPI_ISL_222799|NSW|2016-01-08	2016-01-08	2016.021903
NODE_0000666	2014-09-23	2014.729262
A/Darwin/13/2016|EPI_ISL_255450|NT|2016-02-12	2016-02-12	2016.117728
NODE_0000345	2015-06-21	2015.473391
A/Victoria/44/2015|EPI_ISL_202652|VIC|2015-08-07	2015-08-07	2015.599589
A/Canberra/11/2016|EPI_ISL_233341|ACT|2016-07-20	2016-07-21	2016.553046
NODE_0000374	2014-05-24	2014.396184
NODE_0000667	2014-07-24	2014.561307
NODE_0000380	2015-01-13	2015.038224
A/Brisbane/195/2015|EPI_ISL_209073|QLD|2015-11-02	2015-11-02	2015.837782
A/Victoria/50/2015|EPI_ISL_287838|VIC|2015-08-18	2015-08-18	2015.629706
A/SouthAustralia/146/2015|EPI_ISL_287836|SA|2015-10-07	2015-10-07	2015.766598
NODE_0000668	2014-08-22	2014.641341
NODE_0000379	2015-03-10	2015.189807
A/Newcastle/62/2016|EPI_ISL_255531|NSW|2016-07-07	2016-07-08	2016.517454
A/SouthAustralia/29/2016|EPI_ISL_289123|SA|2016-05-31	2016-06-01	2016.416153
NODE_0000669	2014-08-22	2014.641341
A/Brisbane/183/2015|EPI_ISL_222800|QLD|2015-10-13	2015-10-13	2015.783025
NODE_0000375	2014-12-19	2014.966921
A/Sydney/1022/2015|EPI_ISL_202700|NSW|2015-08-20	2015-08-20	2015.635181
A/Sydney/248/2015|EPI_ISL_287832|NSW|2015-09-02	2015-09-02	2015.670773
NODE_0000382	2014-08-03	2014.588751
A/Newcastle/17/2015|EPI_ISL_288017|NSW|2015-06-24	2015-06-24	2015.479124
NODE_0000384	2015-04-07	2015.266040
A/Sydney/40/2016|EPI_ISL_233803|NSW|2016-03-29	2016-03-30	2016.243669
NODE_0000385	2015-12-29	2015.994093
A/Victoria/7/2016|EPI_ISL_233277|VIC|2016-06-06	2016-06-07	2016.432580
A/Victoria/576/2016|EPI_ISL_234203|VIC|2016-08-05	2016-08-06	2016.596851
NODE_0000386	2015-08-06	2015.598092
NODE_0000387	2016-03-23	2016.224816
A/Brisbane/33/2017|EPI_ISL_269421|QLD|2017-03-06	2017-03-06	2017.177960
A/Victoria/663/2016|EPI_ISL_244005|VIC|2016-11-09	2016-11-10	2016.859685
NODE_0000388	2015-09-25	2015.735556
NODE_0000404	2015-10-28	2015.824166
A/Victoria/500/2017|EPI_ISL_275195|VIC|2017-06-15	2017-06-15	2017.454483
NODE_0000405	2015-11-21	2015.891687
A/Brisbane/3/2017|EPI_ISL_246677|QLD|2017-01-04	2017-01-04	2017.010951
A/Brisbane/318/2016|EPI_ISL_269294|QLD|2016-12-12	2016-12-13	2016.950034
A/Brisbane/321/2016|EPI_ISL_275804|QLD|2016	2016-01-01	2016.000000
NODE_0000670	2016-02-09	2016.111965
NODE_0000671	2016-02-09	2016.111965
NODE_0000389	2016-05-03	2016.337714
A/Brisbane/21/2017|EPI_ISL_269355|QLD|2017-01-20	2017-01-20	2017.054757
A/Victoria/123/2017|EPI_ISL_313384|VIC|2017-08-24	2017-08-24	2017.646133
A/Victoria/120/2017|EPI_ISL_313363|VIC|2017-08-19	2017-08-19	2017.632444
A/Perth/2/2017|EPI_ISL_269325|NT|2017-01-06	2017-01-06	2017.016427
A/Brisbane/34/2017|EPI_ISL_269422|QLD|2017-03-14	2017-03-14	2017.199863
NODE_0000394	2017-04-14	2017.286385
A/Sydney/1143/2017|EPI_ISL_288977|NSW|2017-08-28	2017-08-28	2017.657084
A/Sydney/3/2018|EPI_ISL_312180|NSW|2018-01-26	2018-01-26	2018.071184
NODE_0000672	2016-02-10	2016.114099
A/Brisbane/273/2016|EPI_ISL_243919|QLD|2016-10-17	2016-10-18	2016.796715
NODE_0000673	2016-04-02	2016.253001
NODE_0000399	2016-07-06	2016.512271
A/Victoria/900/2017|EPI_ISL_275489|VIC|2017-05-03	2017-05-03	2017.336756
A/Victoria/1/2017|EPI_ISL_269376|VIC|2017-03-12	2017-03-12	2017.194387
NODE_0000674	2016-04-02	2016.253001
A/SouthAustralia/5/2017|EPI_ISL_269301|SA|2017-01-14	2017-01-14	2017.038330
NODE_0000675	2016-04-02	2016.253001
NODE_0000400	2017-03-01	2017.166003
A/Brisbane/45/2018|EPI_ISL_314602|QLD|2018-04-17	2018-04-17	2018.292950
A/SouthAustralia/269/2017|EPI_ISL_312604|SA|2017-12-06	2017-12-06	2017.930869
NODE_0000397	2016-07-16	2016.540349
A/Brisbane/313/2016|EPI_ISL_249256|QLD|2016-11-29	2016-11-30	2016.914442
A/Tasmania/14/2017|EPI_ISL_277346|TAS|2017-07-16	2017-07-16	2017.539357
NODE_0000407	2016-05-10	2016.358629
A/Sydney/87/2017|EPI_ISL_275578|NSW|2017-03-11	2017-03-11	2017.191650
A/Sydney/83/2017|EPI_ISL_269449|NSW|2017-04-19	2017-04-19	2017.298426
NODE_0000409	2016-09-13	2016.702282
A/Victoria/943/2017|EPI_ISL_293773|VIC|2017-09-20	2017-09-20	2017.720055
A/SouthAustralia/10/2018|EPI_ISL_320966|SA|2018-04-03	2018-04-03	2018.254620
NODE_0000676	2016-10-16	2016.792340
A/Brisbane/106/2018|EPI_ISL_322716|QLD|2018-07-05	2018-07-05	2018.509240
A/Brisbane/11/2018|EPI_ISL_312153|QLD|2018-01-31	2018-01-31	2018.084873
NODE_0000413	2016-12-15	2016.956556
A/SouthAustralia/2/2018|EPI_ISL_314620|SA|2018-01-06	2018-01-06	2018.016427
A/Sydney/1177/2017|EPI_ISL_289887|NSW|2017-09-11	2017-09-11	2017.695414
A/Victoria/533/2017|EPI_ISL_277318|VIC|2017-07-08	2017-07-08	2017.517454
A/Sydney/224/2017|EPI_ISL_299607|NSW|2017-12-04	2017-12-04	2017.925394
A/Perth/151/2018|EPI_ISL_334090|WA|2018-09-30	2018-09-30	2018.747433
A/Victoria/21/2017|EPI_ISL_277316|VIC|2017-07-03	2017-07-03	2017.503765
A/Tasmania/35/2017|EPI_ISL_277986|TAS|2017-07-22	2017-07-22	2017.555784
NODE_0000417	2017-07-11	2017.526418
A/SouthAustralia/13/2018|EPI_ISL_320397|SA|2018-05-29	2018-05-29	2018.407940
A/Sydney/25/2018|EPI_ISL_314604|NSW|2018-01-27	2018-01-27	2018.073922
NODE_0000419	2017-03-02	2017.168491
A/Newcastle/206/2017|EPI_ISL_312146|NSW|2017-12-11	2017-12-11	2017.944559
NODE_0000420	2017-09-09	2017.690021
A/Newcastle/9/2018|EPI_ISL_321457|NSW|2018-02-21	2018-02-21	2018.142368
A/Brisbane/58/2018|EPI_ISL_320361|QLD|2018-04-24	2018-04-24	2018.312115
NODE_0000425	2017-03-11	2017.193271
A/Sydney/515/2018|EPI_ISL_322339|NSW|2018-04-21	2018-04-21	2018.303901
A/SouthAustralia/11/2018|EPI_ISL_313815|SA|2018-04-03	2018-04-03	2018.254620
NODE_0000427	2017-06-03	2017.422323
A/Brisbane/43/2018|EPI_ISL_330023|Queensland|2018-04-07	2018-04-07	2018.265572
A/SouthAustralia/3/2018|EPI_ISL_314613|SA|2018-01-08	2018-01-08	2018.021903
NODE_0000429	2017-06-14	2017.453333
A/Brisbane/57/2018|EPI_ISL_314015|QLD|2018-05-09	2018-05-09	2018.353183
A/Victoria/909/2018|EPI_ISL_332743|VIC|2018-10-27	2018-10-27	2018.821355
A/Sydney/11/2018|EPI_ISL_312166|NSW|2018-01-19	2018-01-19	2018.052019
A/Brisbane/36/2018|EPI_ISL_331890|QLD|2018-03-24	2018-03-24	2018.227242
A/Sydney/18/2018|EPI_ISL_314607|NSW|2018-03-06	2018-03-06	2018.177960
A/Brisbane/1016/2018|EPI_ISL_333937|QLD|2018-09-24	2018-09-24	2018.731006
A/Sydney/179/2018|EPI_ISL_331776|NSW|2018-10-07	2018-10-07	2018.766598
NODE_0000437	2017-09-24	2017.731092
A/Tasmania/1001/2018|EPI_ISL_332745|TAS|2018-10-02	2018-10-02	2018.752909
A/Brisbane/25/2018|EPI_ISL_314628|QLD|2018-02-23	2018-02-23	2018.147844
NODE_0000447	2017-09-06	2017.681728
A/Perth/1024/2018|EPI_ISL_330114|WA|2018-09-06	2018-09-06	2018.681725
A/Perth/43/2018|EPI_ISL_323050|WA|2018-07-12	2018-07-12	2018.528405
NODE_0000449	2017-08-21	2017.638600
A/Townsville/04/2018|EPI_ISL_313811|QLD|2018-03-12	2018-03-12	2018.194387
A/Brisbane/17/2018|EPI_ISL_312158|QLD|2018-02-09	2018-02-09	2018.109514
NODE_0000433	2017-10-04	2017.760917
A/Sydney/68/2018|EPI_ISL_321451|NSW|2018-07-02	2018-07-02	2018.501027
A/Sydney/182/2018|EPI_ISL_332734|NSW|2018-10-18	2018-10-18	2018.796715
A/Newcastle/13/2018|EPI_ISL_320380|NSW|2018-03-13	2018-03-13	2018.197125
NODE_0000439	2017-08-22	2017.642129
A/Canberra/9/2018|EPI_ISL_329735|ACT|2018-06-14	2018-06-14	2018.451745
NODE_0000440	2017-10-11	2017.779991
A/Brisbane/32/2018|EPI_ISL_320942|QLD|2018-03-13	2018-03-13	2018.197125
A/Brisbane/40/2018|EPI_ISL_320940|QLD|2018-04-04	2018-04-04	2018.257358
NODE_0000444	2017-08-11	2017.611186
A/Sydney/15/2018|EPI_ISL_314608|NSW|2018-03-03	2018-03-03	2018.169747
A/SouthAustralia/5/2018|EPI_ISL_314619|SA|2018-01-24	2018-01-24	2018.065708
A/Newcastle/11/2018|EPI_ISL_320378|NSW|2018-03-23	2018-03-23	2018.224504
NODE_0000451	2014-07-11	2014.528138
A/Victoria/531/2015|EPI_ISL_198013|VIC|2015-06-28	2015-06-28	2015.490075
NODE_0000452	2014-12-08	2014.937197
A/Brisbane/1001/2017|EPI_ISL_277301|QLD|2017-02-27	2017-02-27	2017.158795
NODE_0000453	2015-01-12	2015.033612
NODE_0000677	2015-03-10	2015.191322
NODE_0000463	2015-06-05	2015.429522
A/Sydney/88/2016|EPI_ISL_255453|NSW|2016	2016-01-01	2016.000000
A/SouthAustralia/166/2016|EPI_ISL_249178|SA|2016-12-07	2016-12-08	2016.936345
NODE_0000678	2015-10-22	2015.809709
NODE_0000457	2016-01-18	2016.049544
A/Tasmania/6/2017|EPI_ISL_269373|TAS|2017-01-10	2017-01-10	2017.027379
A/Perth/277/2016|EPI_ISL_289852|WA|2016-09-30	2016-10-01	2016.750171
NODE_0000679	2015-10-22	2015.809709
A/SouthAustralia/112/2016|EPI_ISL_239973|SA|2016-09-08	2016-09-09	2016.689938
NODE_0000680	2015-10-22	2015.809709
NODE_0000460	2016-01-10	2016.029050
A/Brisbane/286/2016|EPI_ISL_243972|QLD|2016-10-20	2016-10-21	2016.804928
A/Brisbane/224/2016|EPI_ISL_239901|QLD|2016-09-25	2016-09-26	2016.736482
A/Brisbane/314/2016|EPI_ISL_249251|QLD|2016-11-30	2016-12-01	2016.917180
NODE_0000681	2015-10-22	2015.809709
A/Victoria/149/2016|EPI_ISL_244013|VIC|2016-10-14	2016-10-15	2016.788501
NODE_0000682	2015-10-22	2015.809709
A/Sydney/311/2016|EPI_ISL_249229|NSW|2016-10-20	2016-10-21	2016.804928
A/SouthAustralia/153/2016|EPI_ISL_249238|SA|2016-11-23	2016-11-24	2016.898015
NODE_0000464	2015-02-06	2015.101522
A/Brisbane/197/2015|EPI_ISL_209072|QLD|2015-11-09	2015-11-09	2015.856947
NODE_0000482	2015-04-09	2015.272766
A/Victoria/109/2016|EPI_ISL_243940|VIC|2016-09-02	2016-09-03	2016.673511
A/SouthAustralia/1036/2015|EPI_ISL_287840|SA|2015-10-12	2015-10-12	2015.780287
NODE_0000697	2015-03-05	2015.176440
NODE_0000476	2015-05-31	2015.414701
A/Victoria/582/2016|EPI_ISL_234222|VIC|2016-08-17	2016-08-18	2016.629706
A/Victoria/2015/2016|EPI_ISL_233819|VIC|2016-03-15	2016-03-16	2016.205339
NODE_0000698	2015-03-10	2015.189791
A/SouthAustralia/31/2017|EPI_ISL_269342|SA|2017-02-06	2017-02-06	2017.101300
NODE_0000699	2015-04-11	2015.278857
NODE_0000470	2015-07-07	2015.517069
A/Canberra/7/2016|EPI_ISL_308756|ACT|2016-04-10	2016-04-11	2016.276523
NODE_0000471	2016-03-16	2016.205613
A/Victoria/670/2016|EPI_ISL_244062|VIC|2016-11-11	2016-11-12	2016.865161
NODE_0000472	2016-04-28	2016.324566
A/SouthAustralia/157/2016|EPI_ISL_249234|SA|2016-11-20	2016-11-21	2016.889802
A/SouthAustralia/3/2017|EPI_ISL_269300|SA|2017-01-02	2017-01-02	2017.005476
A/SouthAustralia/22/2018|EPI_ISL_323115|SA|2018-08-01	2018-08-01	2018.583162
NODE_0000683	2015-06-30	2015.495960
A/SouthAustralia/35/2016|EPI_ISL_233234|SA|2016-06-20	2016-06-21	2016.470910
NODE_0000684	2015-07-03	2015.506251
NODE_0000484	2015-09-27	2015.741555
A/Newcastle/102/2016|EPI_ISL_234180|NSW|2016-08-05	2016-08-06	2016.596851
A/SouthAustralia/60/2016|EPI_ISL_233313|SA|2016-07-13	2016-07-14	2016.533881
NODE_0000685	2015-07-05	2015.510177
NODE_0000486	2015-10-07	2015.768222
A/SouthAustralia/149/2016|EPI_ISL_249233|SA|2016-11-19	2016-11-20	2016.887064
A/SouthAustralia/38/2016|EPI_ISL_233228|SA|2016-07-03	2016-07-04	2016.506502
A/Sydney/78/2017|EPI_ISL_271239|NSW|2017-04-05	2017-04-05	2017.260096
NODE_0000686	2015-07-05	2015.510177
NODE_0000479	2015-10-04	2015.759002
A/Newcastle/48/2016|EPI_ISL_255496|NSW|2016-07-14	2016-07-15	2016.536619
A/Victoria/660/2016|EPI_ISL_244003|VIC|2016-10-26	2016-10-27	2016.821355
A/Sydney/153/2016|EPI_ISL_233282|NSW|2016-07-03	2016-07-04	2016.506502
NODE_0000687	2015-07-05	2015.510177
NODE_0000469	2015-11-18	2015.883893
A/Brisbane/288/2016|EPI_ISL_243974|QLD|2016-10-24	2016-10-25	2016.815880
A/SouthAustralia/115/2016|EPI_ISL_239957|SA|2016-09-15	2016-09-16	2016.709103
NODE_0000466	2015-12-28	2015.992501
A/SouthAustralia/18/2017|EPI_ISL_269305|SA|2017-01-18	2017-01-18	2017.049281
A/SouthAustralia/147/2016|EPI_ISL_288843|SA|2016-11-11	2016-11-12	2016.865161
NODE_0000488	2015-03-01	2015.166154
A/Brisbane/66/2016|EPI_ISL_289133|QLD|2016-03-08	2016-03-09	2016.186174
NODE_0000489	2015-03-25	2015.230810
A/Perth/78/2016|EPI_ISL_234101|WA|2016-07-24	2016-07-25	2016.563997
A/Sydney/1048/2016|EPI_ISL_255549|NSW|2016-08-05	2016-08-06	2016.596851
NODE_0000495	2015-10-17	2015.796076
A/Victoria/2505/2016|EPI_ISL_255552|VIC|2016-09-02	2016-09-03	2016.673511
A/Victoria/542/2016|EPI_ISL_234151|VIC|2016-08-01	2016-08-02	2016.585900
NODE_0000490	2015-11-21	2015.890463
A/Sydney/134/2016|EPI_ISL_233281|NSW|2016-07-09	2016-07-10	2016.522930
NODE_0000491	2016-01-02	2016.007415
A/SouthAustralia/135/2016|EPI_ISL_255985|SA|2016-10-01	2016-10-02	2016.752909
A/Brisbane/296/2016|EPI_ISL_243995|QLD|2016-11-07	2016-11-08	2016.854209
NODE_0000497	2015-05-15	2015.369870
A/Brisbane/285/2016|EPI_ISL_275281|QLD|2016-10-20	2016-10-21	2016.804928
NODE_0000498	2015-08-22	2015.641271
A/Sydney/80/2016|EPI_ISL_233805|NSW|2016-03-03	2016-03-04	2016.172485
A/Sydney/80/2016|EPI_ISL_289146|NSW|2016-03-03	2016-03-04	2016.172485
NODE_0000499	2015-04-20	2015.301524
A/Tasmania/1/2017|EPI_ISL_269371|TAS|2017-01-11	2017-01-11	2017.030116
NODE_0000531	2016-01-01	2016.000658
A/Victoria/624/2016|EPI_ISL_239849|VIC|2016-11-07	2016-11-08	2016.854209
A/Sydney/1100/2016|EPI_ISL_239960|NSW|2016-09-08	2016-09-09	2016.689938
A/Perth/191/2016|EPI_ISL_249271|WA|2016-09-02	2016-09-03	2016.673511
NODE_0000500	2015-07-15	2015.536723
NODE_0000501	2016-01-11	2016.032063
A/Brisbane/11/2017|EPI_ISL_269352|QLD|2017-01-04	2017-01-04	2017.010951
A/Perth/186/2016|EPI_ISL_249265|WA|2016-09-01	2016-09-02	2016.670773
NODE_0000502	2015-08-18	2015.630738
NODE_0000510	2015-09-20	2015.722094
A/SouthAustralia/39/2016|EPI_ISL_233229|SA|2016-07-03	2016-07-04	2016.506502
NODE_0000511	2015-12-28	2015.992358
A/Victoria/12/2016|EPI_ISL_233226|VIC|2016-06-18	2016-06-19	2016.465435
NODE_0000512	2016-05-02	2016.336455
A/Tasmania/215/2016|EPI_ISL_249204|TAS|2016-12-10	2016-12-11	2016.944559
A/Victoria/2079/2016|EPI_ISL_234229|VIC|2016-08-11	2016-08-12	2016.613279
NODE_0000503	2015-11-27	2015.906402
A/Sydney/1092/2016|EPI_ISL_239951|NSW|2016-09-02	2016-09-03	2016.673511
A/Newcastle/61/2016|EPI_ISL_255502|NSW|2016-06-29	2016-06-30	2016.495551
A/Tasmania/201/2016|EPI_ISL_249277|TAS|2016-11-13	2016-11-14	2016.870637
NODE_0000507	2016-02-07	2016.104127
A/Victoria/102/2016|EPI_ISL_239979|VIC|2016-09-06	2016-09-07	2016.684463
A/Victoria/548/2016|EPI_ISL_234159|VIC|2016-08-15	2016-08-16	2016.624230
NODE_0000508	2016-02-27	2016.161462
A/Brisbane/23/2017|EPI_ISL_269357|QLD|2017-01-16	2017-01-16	2017.043806
A/Sydney/12/2017|EPI_ISL_269268|ACT|2017-01-05	2017-01-05	2017.013689
NODE_0000513	2015-11-07	2015.852071
NODE_0000514	2016-06-04	2016.425432
A/SouthAustralia/72/2017|EPI_ISL_269438|SA|2017-04-10	2017-04-10	2017.273785
A/Newcastle/5/2017|EPI_ISL_269309|NSW|2017-01-24	2017-01-24	2017.065708
NODE_0000515	2016-02-22	2016.146726
A/Sydney/61/2017|EPI_ISL_269409|NSW|2017-03-19	2017-03-19	2017.213552
A/Victoria/2036/2017|EPI_ISL_277319|VIC|2017-07-12	2017-07-12	2017.528405
A/Newcastle/7/2017|EPI_ISL_269310|NSW|2017-01-14	2017-01-14	2017.038330
A/Tasmania/7/2017|EPI_ISL_269374|TAS|2017-01-25	2017-01-25	2017.068446
NODE_0000517	2016-09-24	2016.731578
A/Sydney/1011/2017|EPI_ISL_275227|NSW|2017-06-21	2017-06-21	2017.470910
A/SouthAustralia/45/2017|EPI_ISL_269391|SA|2017-03-05	2017-03-05	2017.175222
NODE_0000525	2016-11-26	2016.905526
A/Victoria/2008/2017|EPI_ISL_274933|VIC|2017-04-01	2017-04-01	2017.249144
A/Victoria/708/2017|EPI_ISL_283122|VIC|2017-09-02	2017-09-02	2017.670773
NODE_0000521	2016-08-04	2016.591868
A/Sydney/149/2017|EPI_ISL_277317|NSW|2017-06-21	2017-06-21	2017.470910
A/Sydney/50/2017|EPI_ISL_269404|NSW|2017-03-01	2017-03-01	2017.164271
A/Townsville/1012/2017|EPI_ISL_289861|QLD|2017-08-28	2017-08-28	2017.657084
NODE_0000526	2016-05-08	2016.350494
A/Victoria/617/2017|EPI_ISL_277603|VIC|2017-07-28	2017-07-28	2017.572211
A/Newcastle/28/2017|EPI_ISL_269370|NSW|2017-03-08	2017-03-08	2017.183436
NODE_0000528	2016-09-24	2016.731814
A/Sydney/82/2017|EPI_ISL_275582|NSW|2017-04-11	2017-04-11	2017.276523
A/Victoria/46/2017|EPI_ISL_277358|VIC|2017-07-15	2017-07-15	2017.536619
NODE_0000533	2015-06-03	2015.424054
A/Sydney/96/2016|EPI_ISL_233276|NSW|2016-05-13	2016-05-14	2016.366872
NODE_0000534	2015-10-27	2015.821716
NODE_0000535	2015-11-21	2015.891017
A/Sydney/84/2017|EPI_ISL_271240|NSW|2017-04-07	2017-04-07	2017.265572
NODE_0000550	2016-02-24	2016.150801
A/Perth/68/2017|EPI_ISL_269428|WA|2017-04-02	2017-04-02	2017.251882
A/Victoria/72/2017|EPI_ISL_313376|VIC|2017-07-31	2017-07-31	2017.580424
NODE_0000551	2016-08-07	2016.601502
A/Brisbane/299/2016|EPI_ISL_269287|QLD|2016-10-29	2016-10-30	2016.829569
A/Brisbane/299/2016|EPI_ISL_243998|QLD|2016-10-29	2016-10-30	2016.829569
NODE_0000541	2015-12-26	2015.986008
A/Newcastle/187/2016|EPI_ISL_289031|NSW|2016-09-10	2016-09-11	2016.695414
NODE_0000542	2016-02-05	2016.100019
NODE_0000543	2016-08-22	2016.641567
A/Newcastle/34/2017|EPI_ISL_275545|NSW|2017-03-14	2017-03-14	2017.199863
NODE_0000544	2016-11-17	2016.879754
A/SouthAustralia/51/2017|EPI_ISL_269396|SA|2017-03-21	2017-03-21	2017.219028
A/Brisbane/13/2018|EPI_ISL_312155|QLD|2018-02-03	2018-02-03	2018.093087
NODE_0000545	2016-05-30	2016.411301
A/Newcastle/4/2017|EPI_ISL_269308|NSW|2017-01-25	2017-01-25	2017.068446
NODE_0000546	2016-09-25	2016.734354
A/SouthAustralia/185/2017|EPI_ISL_277314|SA|2017-07-01	2017-07-01	2017.498289
NODE_0000547	2016-10-23	2016.810876
A/SouthAustralia/90/2017|EPI_ISL_274987|SA|2017-05-09	2017-05-09	2017.353183
NODE_0000548	2016-12-09	2016.939709
A/Sydney/103/2017|EPI_ISL_274988|NSW|2017-03-29	2017-03-29	2017.240931
A/Tasmania/37/2017|EPI_ISL_282649|TAS|2017-07-20	2017-07-20	2017.550308
NODE_0000700	2015-12-03	2015.923718
NODE_0000536	2016-05-26	2016.400431
A/Victoria/2052/2017|EPI_ISL_277588|VIC|2017-06-29	2017-06-29	2017.492813
A/Sydney/52/2017|EPI_ISL_275806|NSW|2017	2017-01-01	2017.000000
A/Victoria/32/2017|EPI_ISL_277593|VIC|2017-07-10	2017-07-10	2017.522930
A/SouthAustralia/170/2017|EPI_ISL_275240|SA|2017-06-26	2017-06-26	2017.484600
NODE_0000688	2016-02-13	2016.121719
A/Victoria/512/2016|EPI_ISL_233279|VIC|2016-07-13	2016-07-14	2016.533881
NODE_0000554	2016-11-01	2016.837619
A/Sydney/12/2018|EPI_ISL_312167|NSW|2018-01-13	2018-01-13	2018.035592
NODE_0000556	2017-04-09	2017.272998
A/Darwin/1010/2017|EPI_ISL_288942|NT|2017-08-21	2017-08-21	2017.637919
A/Brisbane/101/2018|EPI_ISL_322714|QLD|2018-07-02	2018-07-02	2018.501027
NODE_0000557	2017-02-22	2017.147269
A/SouthAustralia/1/2018|EPI_ISL_314614|SA|2018-01-04	2018-01-04	2018.010951
NODE_0000558	2017-04-22	2017.307178
A/Victoria/2042/2018|EPI_ISL_331775|VIC|2018-08-28	2018-08-28	2018.657084
A/SouthAustralia/7/2018|EPI_ISL_314611|SA|2018-03-11	2018-03-11	2018.191650
A/SouthAustralia/75/2018|EPI_ISL_332740|SA|2018-09-21	2018-09-21	2018.722793
NODE_0000561	2017-06-10	2017.441489
A/SouthAustralia/164/2018|EPI_ISL_336143|SA|2018-11-05	2018-11-05	2018.845996
NODE_0000562	2017-07-26	2017.566763
A/Sydney/22/2018|EPI_ISL_330026|NSW|2018-03-03	2018-03-03	2018.169747
A/SouthAustralia/1009/2018|EPI_ISL_322342|SA|2018-07-17	2018-07-17	2018.542094
NODE_0000564	2017-11-27	2017.908007
A/SouthAustralia/116/2018|EPI_ISL_332793|SA|2018-10-08	2018-10-08	2018.769336
A/Newcastle/48/2018|EPI_ISL_323048|NSW|2018-08-12	2018-08-12	2018.613279
NODE_0000565	2016-04-10	2016.275806
NODE_0000567	2016-12-18	2016.964608
A/Victoria/513/2017|EPI_ISL_275266|VIC|2017-07-04	2017-07-04	2017.506502
A/Victoria/871/2017|EPI_ISL_291353|VIC|2017-09-22	2017-09-22	2017.725530
NODE_0000568	2016-10-02	2016.753765
A/Sydney/1122/2017|EPI_ISL_288905|NSW|2017-08-20	2017-08-20	2017.635181
NODE_0000569	2017-04-04	2017.259789
A/SouthAustralia/176/2018|EPI_ISL_336141|SA|2018-11-03	2018-11-03	2018.840520
A/Victoria/753/2018|EPI_ISL_336142|VIC|2018-11-07	2018-11-07	2018.851472
NODE_0000570	2018-01-08	2018.024522
A/SouthAustralia/123/2018|EPI_ISL_332656|SA|2018-10-10	2018-10-10	2018.774812
A/Victoria/23/2018|EPI_ISL_331784|VIC|2018-10-01	2018-10-01	2018.750171
NODE_0000573	2016-07-11	2016.525883
A/Sydney/1013/2017|EPI_ISL_277305|NSW|2017-06-29	2017-06-29	2017.492813
A/Townsville/1002/2017|EPI_ISL_275225|QLD|2017-06-14	2017-06-14	2017.451745
A/Newcastle/36/2017|EPI_ISL_274986|NSW|2017-04-16	2017-04-16	2017.290212
A/Canberra/6/2017|EPI_ISL_269448|ACT|2017-04-13	2017-04-13	2017.281999
A/Victoria/946/2017|EPI_ISL_312221|VIC|2017-06-16	2017-06-16	2017.457221
A/Newcastle/54/2017|EPI_ISL_275203|NSW|2017-06-24	2017-06-24	2017.479124
NODE_0000579	2016-10-23	2016.812600
A/Sydney/1200/2017|EPI_ISL_299642|NSW|2017-09-28	2017-09-28	2017.741958
A/Tasmania/32/2017|EPI_ISL_278010|TAS|2017-07-16	2017-07-16	2017.539357
A/Perth/207/2017|EPI_ISL_313396|WA|2017-09-01	2017-09-01	2017.668036
NODE_0000581	2016-07-17	2016.542431
A/Sydney/1000/2018|EPI_ISL_313813|NSW|2018-03-14	2018-03-14	2018.199863
A/Brisbane/1097/2017|EPI_ISL_299639|QLD|2017-03-10	2017-03-10	2017.188912
A/Brisbane/53/2017|EPI_ISL_274944|QLD|2017-04-24	2017-04-24	2017.312115
A/SouthAustralia/125/2017|EPI_ISL_271294|SA|2017-06-05	2017-06-05	2017.427105
NODE_0000613	2016-10-23	2016.812166
A/Victoria/2111/2017|EPI_ISL_288961|VIC|2017-08-12	2017-08-12	2017.613279
A/Victoria/899/2017|EPI_ISL_293815|VIC|2017-10-11	2017-10-11	2017.777550
NODE_0000606	2017-02-09	2017.109781
A/Perth/262/2017|EPI_ISL_313398|WA|2017-09-15	2017-09-15	2017.706366
NODE_0000607	2017-05-04	2017.340858
A/Brisbane/207/2017|EPI_ISL_312606|QLD|2017-12-17	2017-12-17	2017.960986
A/Brisbane/201/2017|EPI_ISL_312176|QLD|2017-11-26	2017-11-26	2017.903491
NODE_0000589	2016-10-27	2016.822461
A/Victoria/531/2017|EPI_ISL_275271|VIC|2017-07-08	2017-07-08	2017.517454
A/Brisbane/196/2017|EPI_ISL_312172|QLD|2017-11-11	2017-11-11	2017.862423
NODE_0000591	2017-03-05	2017.177539
A/Victoria/646/2017|EPI_ISL_277921|VIC|2017-08-10	2017-08-10	2017.607803
A/Victoria/893/2017|EPI_ISL_291362|VIC|2017-10-04	2017-10-04	2017.758385
NODE_0000608	2016-10-24	2016.813340
A/Darwin/1011/2017|EPI_ISL_288943|NT|2017-08-23	2017-08-23	2017.643395
NODE_0000609	2016-12-28	2016.991592
A/Victoria/745/2017|EPI_ISL_289911|VIC|2017-09-09	2017-09-09	2017.689938
NODE_0000610	2017-04-12	2017.281712
A/Brisbane/185/2017|EPI_ISL_305343|QLD|2017-10-30	2017-10-30	2017.829569
A/Brisbane/185/2017|EPI_ISL_293799|QLD|2017-10-30	2017-10-30	2017.829569
NODE_0000617	2016-09-26	2016.738432
A/Newcastle/87/2017|EPI_ISL_275213|NSW|2017-06-07	2017-06-07	2017.432580
NODE_0000618	2016-11-22	2016.894802
A/Sydney/34/2018|EPI_ISL_321455|NSW|2018-04-13	2018-04-13	2018.281999
NODE_0000619	2017-01-18	2017.051886
A/Victoria/718/2017|EPI_ISL_288967|VIC|2017-08-31	2017-08-31	2017.665298
NODE_0000620	2017-02-28	2017.163791
A/Brisbane/140/2017|EPI_ISL_283124|QLD|2017-08-22	2017-08-22	2017.640657
A/Victoria/624/2017|EPI_ISL_291271|VIC|2017-08-11	2017-08-11	2017.610541
NODE_0000701	2016-10-25	2016.817589
A/Victoria/548/2017|EPI_ISL_277995|VIC|2017-07-14	2017-07-14	2017.533881
NODE_0000702	2016-10-31	2016.834084
A/Tasmania/30/2017|EPI_ISL_278009|TAS|2017-07-14	2017-07-14	2017.533881
NODE_0000703	2016-12-11	2016.944771
A/SouthAustralia/1043/2017|EPI_ISL_288941|SA|2017-08-29	2017-08-29	2017.659822
NODE_0000704	2016-12-28	2016.993431
A/Townsville/18/2017|EPI_ISL_299661|QLD|2017-12-29	2017-12-29	2017.993840
NODE_0000705	2016-12-28	2016.993431
A/SouthAustralia/1053/2017|EPI_ISL_289869|SA|2017-09-05	2017-09-05	2017.678987
NODE_0000706	2016-12-30	2016.998331
NODE_0000628	2017-03-26	2017.234698
A/Victoria/870/2017|EPI_ISL_291317|VIC|2017-09-21	2017-09-21	2017.722793
NODE_0000629	2017-12-02	2017.921193
A/SouthAustralia/199/2018|EPI_ISL_334087|SA|2018-11-20	2018-11-20	2018.887064
A/SouthAustralia/1028/2018|EPI_ISL_332647|SA|2018-10-13	2018-10-13	2018.783025
NODE_0000707	2017-01-01	2017.005366
A/Perth/329/2017|EPI_ISL_293832|WA|2017-10-14	2017-10-14	2017.785763
NODE_0000708	2017-01-01	2017.005366
NODE_0000614	2017-03-30	2017.245440
A/Brisbane/115/2018|EPI_ISL_322717|QLD|2018-07-19	2018-07-19	2018.547570
A/Tasmania/69/2017|EPI_ISL_293788|TAS|2017-10-23	2017-10-23	2017.810404
NODE_0000709	2017-01-02	2017.005503
NODE_0000585	2017-07-13	2017.533125
A/Brisbane/14/2018|EPI_ISL_312156|QLD|2018-02-01	2018-02-01	2018.087611
A/Newcastle/19/2018|EPI_ISL_329733|NSW|2018-03-12	2018-03-12	2018.194387
A/Victoria/2104/2018|EPI_ISL_334089|VIC|2018-10-08	2018-10-08	2018.769336
NODE_0000710	2017-01-02	2017.005503
A/Brisbane/198/2017|EPI_ISL_312174|QLD|2017-11-19	2017-11-19	2017.884326
NODE_0000711	2017-01-02	2017.005503
A/Darwin/1000/2018|EPI_ISL_314623|NT|2018-01-23	2018-01-23	2018.062971
NODE_0000593	2017-04-20	2017.303858
A/Victoria/2038/2018|EPI_ISL_330734|VIC|2018-08-22	2018-08-22	2018.640657
A/SouthAustralia/1067/2017|EPI_ISL_289892|SA|2017-09-14	2017-09-14	2017.703628
A/Brisbane/22/2018|EPI_ISL_312160|QLD|2018-02-17	2018-02-17	2018.131417
A/Perth/1029/2018|EPI_ISL_332732|WA|2018-09-21	2018-09-21	2018.722793
A/SouthAustralia/1023/2018|EPI_ISL_332733|SA|2018-09-28	2018-09-28	2018.741958
A/Victoria/2093/2018|EPI_ISL_334091|VIC|2018-10-03	2018-10-03	2018.755647
NODE_0000600	2017-08-23	2017.644788
A/Townsville/23/2018|EPI_ISL_322727|QLD|2018-07-21	2018-07-21	2018.553046
A/Brisbane/64/2018|EPI_ISL_320401|QLD|2018-05-21	2018-05-21	2018.386037
NODE_0000601	2017-06-19	2017.466189
A/Brisbane/07/2018|EPI_ISL_312150|QLD|2018-01-04	2018-01-04	2018.010951
A/SouthAustralia/12/2018|EPI_ISL_320398|SA|2018-05-29	2018-05-29	2018.407940
A/Sydney/1002/2018|EPI_ISL_320399|NSW|2018-06-08	2018-06-08	2018.435318
A/Victoria/1004/2018|EPI_ISL_332744|VIC|2018-10-03	2018-10-03	2018.755647
